headline,link
नेदरल्यान्ड्सले नेपाललाई दियो १४१ रनको लक्ष्य,https://www.onlinekhabar.com/2026/01/1854841/netherlands-set-nepal-a-target-of-141-runs
"दरौंदी दोहन : अनुमति रद्द, उत्खनन जारी",https://www.onlinekhabar.com/2026/01/1854836/daraundi-exploitation-permission-cancelled-excavation-continues
नेकपाका २७ वर्षे उम्मेदवार : बास्केटबल कोर्ट छाडेर चुनावी मैदानमा,https://www.onlinekhabar.com/2026/01/1854817/ncps-27-year-old-candidate-leaving-the-basketball-court-to-enter-the-election-fray
"महोत्तरी-१ : निरन्तरता खोज्दै लक्ष्मी, बिरासत फर्काउने दाउमा गिरिराज",https://www.onlinekhabar.com/2026/01/1854793/mahottari-1-lakshmi-seeks-continuity-giriraj-seeks-to-return-the-legacy
"डकेन्द्रले छोडे उज्यालो पार्टी, पहिचानवादी मोर्चा बिउँताउने",https://www.onlinekhabar.com/2026/01/1854785/dakendra-leaves-ujjaya-party-will-revive-identity-front
नाइट क्लबमा हुडीको टोपी लगाएर जान किन मिल्दैन ?,https://www.onlinekhabar.com/web-stories/why-cant-you-wear-a-hoodie-and-hat-to-a-nightclub
जाडोमा कसरी रहने स्वस्थ ? यी हुन् प्राकृतिक उपाय,https://www.onlinekhabar.com/web-stories/how-to-stay-healthy-in-winter-these-are-the-natural-remedies
"जाइफलका ८ फाइदा, कसरी प्रयोग गर्ने ?",https://www.onlinekhabar.com/web-stories/8-benefits-of-nutmeg-how-to-use-it
चकित पार्ने यी ५ प्राणीको रोचक तथ्य,https://www.onlinekhabar.com/web-stories/interesting-facts-about-these-5-surprising-animals
कुन हिटर कस्तो ? कति पर्छ मूल्य ?,https://www.onlinekhabar.com/web-stories/how-to-buy-a-heater
स्वास्थ्य,/health?utm_source=OK&utm_medium=Homepage_healthsection
आयुर्वेद,https://www.onlinekhabar.com/content/lifestyle/ayurved
